batch1/serial0.log:GASCAL,27,1708.425,1709.231,3300.000,2444.982,  0.000,3300.000
batch1/serial0.log:GASCAL,27,1569.817,1592.381,3300.000,2440.146,  0.000,3300.000
batch1/serial0.log:GASCAL,27,1515.824,1517.436,3300.000,2443.370,  0.000,3300.000
batch1/serial0.log:GASCAL,27,1426.374,1443.297,3300.000,2444.982,  0.000,3300.000
batch1/serial0.log:GASCAL,27,1366.740,1366.740,3300.000,2443.370,  0.000,3300.000
batch1/serial0.log:GASCAL,27,1326.447,1327.253,3300.000,2441.758,  0.000,3300.000
batch1/serial0.log:GASCAL,27,1290.183,1296.630,3300.000,2444.982,  0.000,3300.000
batch1/serial0.log:GASCAL,27,1264.396,1268.425,3300.000,2444.176,  0.000,3300.000
batch1/serial0.log:GASCAL,27,1236.996,1263.590,3300.000,2444.176,  0.000,3300.000
batch1/serial0.log:GASCAL,27,1250.696,1233.773,3300.000,2446.594,  0.000,3300.000
batch1/serial0.log:GASCAL,27,1208.791,1210.403,3300.000,2444.982,  0.000,3300.000
batch1/serial0.log:GASCAL,27,1204.762,1222.491,3300.000,2443.370,  0.000,3300.000
batch1/serial0.log:GASCAL,27,1183.004,1209.597,3300.000,2444.982,  0.000,3300.000
batch1/serial0.log:GASCAL,27,1196.703,1184.615,3300.000,2444.982,  0.000,3300.000
batch1/serial0.log:GASCAL,27,1178.169,1178.169,3300.000,2440.146,  0.000,3300.000
batch1/serial0.log:GASCAL,27,1157.216,1167.692,3300.000,2444.176,  0.000,3300.000
batch1/serial0.log:GASCAL,27,1161.245,1152.381,3300.000,2440.952,  0.000,3300.000
batch1/serial0.log:GASCAL,27,1146.740,1158.022,3300.000,2445.788,  0.000,3300.000
batch1/serial0.log:GASCAL,27,1146.740,1152.381,3300.000,2440.146,  0.000,3300.000
batch1/serial0.log:GASCAL,27,1128.205,1104.029,3300.000,2440.952,  0.000,3300.000
batch1/serial0.log:GASCAL,27,1120.147,1117.729,3300.000,2443.370,  0.000,3300.000
batch1/serial0.log:GASCAL,27,1120.952,1121.758,3300.000,2444.982,  0.000,3300.000
batch1/serial0.log:GASCAL,27,1123.370,1114.505,3300.000,2440.146,  0.000,3300.000
batch1/serial0.log:GASCAL,27,1129.011,1105.641,3300.000,2443.370,  0.000,3300.000
batch1/serial0.log:GASCAL,27,1116.923,1108.865,3300.000,2444.176,  0.000,3300.000
batch1/serial0.log:GASCAL,27,1111.282,1119.341,3300.000,2444.982,  0.000,3300.000
batch1/serial0.log:GASCAL,27,1113.700,1102.418,3300.000,2443.370,  0.000,3300.000
batch1/serial0.log:GASCAL,27,1091.941,1096.777,3300.000,2440.952,  0.000,3300.000
batch1/serial0.log:GASCAL,27,1104.029,1109.670,3300.000,2441.758,  0.000,3300.000
batch1/serial0.log:GASCAL,27,1083.883,1088.718,3300.000,2443.370,  0.000,3300.000
batch1/serial0.log:GASCAL,27,1078.242,1074.213,3300.000,2444.176,  0.000,3300.000
batch1/serial0.log:GASCAL,27,1084.689,1073.407,3300.000,2440.952,  0.000,3300.000
batch1/serial0.log:GASCAL,27,1072.601,1057.289,3300.000,2441.758,  0.000,3300.000
batch1/serial0.log:GASCAL,27,1065.348,1047.619,3300.000,2443.370,  0.000,3300.000
batch1/serial0.log:GASCAL,27,1040.366,1049.231,3300.000,2444.982,  0.000,3300.000
batch1/serial0.log:GASCAL,27,1046.007,1025.861,3300.000,2443.370,  0.000,3300.000
batch1/serial0.log:GASCAL,27,1025.055,1011.355,3300.000,2444.982,  0.000,3300.000
batch1/serial0.log:GASCAL,27,1016.996,1003.297,3300.000,2440.146,  0.000,3300.000
batch1/serial0.log:GASCAL,27,989.597,998.462,3300.000,2443.370,  0.000,2950.257
batch1/serial0.log:GASCAL,27,1009.744,1003.297,3300.000,2440.146,  0.000,2646.447
batch1/serial0.log:GASCAL,27,994.432,1002.491,3300.000,2441.758,  0.000,2413.553
batch1/serial0.log:GASCAL,27,1012.161,1010.549,3300.000,2440.952,  0.000,2229.817
batch1/serial0.log:GASCAL,27,997.656,1003.297,3300.000,2444.982,  0.000,2083.150
batch1/serial0.log:GASCAL,27,1012.967,1004.103,3300.000,2444.982,  0.000,1958.242
batch1/serial0.log:GASCAL,27,984.762,1000.073,3300.000,2445.788,  0.000,1856.703
batch1/serial0.log:GASCAL,27,974.286,967.839,3300.000,2441.758,  0.000,1720.513
batch1/serial0.log:GASCAL,27,976.703,984.762,3300.000,2444.982,  0.000,1599.634
batch1/serial0.log:GASCAL,27,981.539,971.868,3300.000,2440.146,  0.000,1533.553
batch1/serial0.log:GASCAL,27,961.392,964.615,3300.000,2440.146,  0.000,1486.007
batch1/serial0.log:GASCAL,27,963.004,956.557,3300.000,2445.788,  0.000,1443.297
batch1/serial0.log:GASCAL,27,955.751,947.692,3300.000,2446.594,  0.000,1408.645
batch1/serial0.log:GASCAL,27,936.410,938.022,3224.249,2437.729,  0.000,1380.440
batch1/serial0.log:GASCAL,27,940.440,942.051,2923.663,2436.923,  0.000,1347.399
batch1/serial0.log:GASCAL,27,924.322,924.322,2694.799,2432.088,  0.000,1319.194
batch1/serial0.log:GASCAL,27,912.234,906.593,2510.257,2430.476,  0.000,1295.824
batch1/serial0.log:GASCAL,27,921.099,923.517,2366.813,2433.700,  0.000,1269.231
batch1/serial0.log:GASCAL,27,921.905,909.817,2249.157,2425.641,  0.000,1247.473
batch1/serial0.log:GASCAL,27,904.176,897.729,2148.425,2421.612,  0.000,1226.520
batch1/serial0.log:GASCAL,27,914.652,900.147,2071.062,2422.418,  0.000,1200.733
batch1/serial0.log:GASCAL,27,907.399,896.117,1992.894,2427.253,  0.000,1183.004
batch1/serial0.log:GASCAL,27,889.670,897.729,1932.454,2427.253,  0.000,1165.275
batch1/serial0.log:GASCAL,27,889.670,904.176,1880.073,2417.583,  0.000,1151.575
batch1/serial0.log:GASCAL,27,889.670,904.982,1824.469,2419.194,  0.000,1129.817
batch1/serial0.log:GASCAL,27,896.117,887.253,1780.147,2415.971,  0.000,1118.535
batch1/serial0.log:GASCAL,27,886.447,884.029,1735.824,2415.971,  0.000,1093.553
batch1/serial0.log:GASCAL,27,869.524,881.612,1696.337,2415.971,  0.000,1073.407
batch1/serial0.log:GASCAL,27,879.194,873.553,1652.015,2412.747,  0.000,1058.095
batch1/serial0.log:GASCAL,27,871.941,871.136,1631.062,2428.059,  0.000,1058.095
batch1/serial0.log:GASCAL,27,862.271,863.883,1601.245,2420.806,  0.000,1034.725
batch1/serial0.log:GASCAL,27,869.524,870.330,1569.011,2422.418,  0.000,1020.220
batch1/serial0.log:GASCAL,27,867.106,862.271,1544.835,2422.418,  0.000,1005.714
batch1/serial0.log:GASCAL,27,877.582,876.777,1519.854,2420.000,  0.000,1000.073
batch1/serial0.log:GASCAL,27,858.242,860.659,1498.095,2419.194,  0.000,992.821
batch1/serial0.log:GASCAL,27,867.912,873.553,1473.114,2427.253,  0.000,978.315
batch1/serial0.log:GASCAL,27,878.388,867.912,1444.909,2418.388,  0.000,963.004
batch1/serial0.log:GASCAL,27,875.971,868.718,1427.180,2418.388,  0.000,960.586
batch1/serial1.log:GASCAL,26,2235.458,2263.663,3300.000,2411.941,  0.000,3300.000
batch1/serial1.log:GASCAL,26,2161.319,2141.172,3300.000,2414.359,  0.000,3300.000
batch1/serial1.log:GASCAL,26,2086.374,2095.238,3300.000,2408.718,  0.000,3300.000
batch1/serial1.log:GASCAL,26,2022.711,2029.964,3300.000,2411.941,  0.000,3300.000
batch1/serial1.log:GASCAL,26,1972.747,2001.758,3300.000,2425.641,  0.000,3300.000
batch1/serial1.log:GASCAL,26,1959.854,1983.224,3300.000,2424.835,  0.000,3300.000
batch1/serial1.log:GASCAL,26,1934.066,1938.095,3300.000,2428.059,  0.000,3300.000
batch1/serial1.log:GASCAL,26,1932.454,1950.183,3300.000,2424.835,  0.000,3300.000
batch1/serial1.log:GASCAL,26,1931.648,1921.172,3300.000,2425.641,  0.000,3300.000
batch1/serial1.log:GASCAL,26,1926.813,1911.502,3300.000,2428.059,  0.000,3300.000
batch1/serial1.log:GASCAL,26,1886.520,1889.744,3300.000,2428.865,  0.000,3300.000
batch1/serial1.log:GASCAL,26,1886.520,1909.084,3300.000,2425.641,  0.000,3300.000
batch1/serial1.log:GASCAL,26,1876.044,1888.132,3300.000,2428.865,  0.000,3300.000
batch1/serial1.log:GASCAL,26,1866.374,1888.938,3300.000,2411.941,  0.000,3300.000
batch1/serial1.log:GASCAL,26,1885.714,1861.539,3300.000,2428.865,  0.000,3300.000
batch1/serial1.log:GASCAL,26,1867.985,1871.209,3300.000,2427.253,  0.000,3300.000
batch1/serial1.log:GASCAL,26,1845.421,1852.674,3300.000,2412.747,  0.000,3300.000
batch1/serial1.log:GASCAL,26,1835.751,1833.333,3300.000,2428.059,  0.000,3300.000
batch1/serial1.log:GASCAL,26,1828.498,1827.692,3300.000,2412.747,  0.000,3300.000
batch1/serial1.log:GASCAL,26,1838.169,1842.198,3300.000,2428.865,  0.000,3300.000
batch1/serial1.log:GASCAL,26,1821.245,1818.022,3300.000,2407.912,  0.000,3300.000
batch1/serial1.log:GASCAL,26,1809.158,1806.740,3300.000,2428.059,  0.000,3300.000
batch1/serial1.log:GASCAL,26,1805.934,1806.740,3300.000,2430.476,  0.000,3300.000
batch1/serial1.log:GASCAL,26,1811.575,1818.022,3300.000,2408.718,  0.000,3300.000
batch1/serial1.log:GASCAL,26,1806.740,1805.128,3300.000,2428.059,  0.000,3300.000
batch1/serial1.log:GASCAL,26,1809.158,1790.623,3300.000,2412.747,  0.000,3300.000
batch1/serial1.log:GASCAL,26,1782.564,1806.740,3300.000,2425.641,  0.000,3300.000
batch1/serial1.log:GASCAL,26,1787.399,1769.670,3300.000,2430.476,  0.000,3300.000
batch1/serial1.log:GASCAL,26,1777.729,1785.788,3300.000,2407.912,  0.000,3300.000
batch1/serial1.log:GASCAL,26,1772.894,1766.447,3300.000,2424.835,  0.000,3300.000
batch1/serial1.log:GASCAL,26,1761.612,1755.165,3223.443,2411.941,  0.000,3300.000
batch1/serial1.log:GASCAL,26,1745.495,1750.330,3044.542,2409.524,  0.000,3300.000
batch1/serial1.log:GASCAL,26,1745.495,1770.476,2894.652,2406.301,  0.000,3300.000
batch1/serial1.log:GASCAL,26,1751.942,1755.165,2768.938,2416.777,  0.000,3300.000
batch1/serial1.log:GASCAL,26,1739.048,1751.942,2666.594,2401.465,  0.000,3300.000
batch1/serial1.log:GASCAL,26,1745.495,1729.377,2568.279,2401.465,  0.000,3300.000
batch1/serial1.log:GASCAL,26,1704.396,1710.843,2489.304,2414.359,  0.000,3300.000
batch1/serial1.log:GASCAL,26,1730.989,1731.795,2415.165,2411.135,  0.000,3300.000
batch1/serial1.log:GASCAL,26,1708.425,1711.648,2347.473,2411.135,  0.000,3300.000
batch1/serial1.log:GASCAL,26,1705.202,1706.007,2293.480,2393.407,  0.000,3300.000
batch1/serial1.log:GASCAL,26,1699.561,1702.784,2236.264,2411.135,  0.000,3300.000
batch1/serial1.log:GASCAL,26,1687.473,1689.084,2192.747,2404.689,  0.000,3300.000
batch1/serial1.log:GASCAL,26,1695.531,1703.590,2153.260,2414.359,  0.000,3215.385
batch1/serial1.log:GASCAL,26,1667.326,1668.938,2112.967,2386.154,  0.000,3033.260
batch1/serial1.log:GASCAL,26,1656.044,1660.073,2079.121,2390.989,  0.000,2878.535
batch1/serial1.log:GASCAL,26,1660.879,1668.132,2056.557,2389.377,  0.000,2752.821
batch1/serial1.log:GASCAL,26,1648.791,1656.850,2029.158,2386.154,  0.000,2647.253
batch1/serial1.log:GASCAL,26,1637.509,1647.180,2007.399,2401.465,  0.000,2553.773
batch1/serial1.log:GASCAL,26,1613.333,1606.887,1979.194,2389.377,  0.000,2460.293
batch1/serial1.log:GASCAL,26,1612.528,1604.469,1967.106,2411.135,  0.000,2391.795
batch1/serial1.log:GASCAL,26,1592.381,1587.546,1945.348,2382.930,  0.000,2322.491
batch1/serial1.log:GASCAL,26,1584.322,1577.876,1931.648,2406.301,  0.000,2261.245
batch1/serial1.log:GASCAL,26,1573.040,1568.205,1914.725,2411.135,  0.000,2203.223
batch1/serial1.log:GASCAL,26,1568.205,1573.040,1900.220,2411.135,  0.000,2154.066
batch1/serial1.log:GASCAL,26,1545.641,1544.029,1885.714,2409.524,  0.000,2108.132
batch1/serial1.log:GASCAL,26,1561.758,1553.700,1879.267,2405.495,  0.000,2071.062
batch1/serial1.log:GASCAL,26,1546.447,1545.641,1863.150,2400.659,  0.000,2029.158
batch1/serial1.log:GASCAL,26,1541.612,1553.700,1848.645,2399.854,  0.000,1988.865
batch1/serial1.log:GASCAL,26,1544.029,1536.777,1834.945,2388.572,  0.000,1958.242
batch1/serial1.log:GASCAL,26,1557.729,1535.165,1821.245,2383.736,  0.000,1922.784
batch1/serial1.log:GASCAL,26,1537.583,1550.476,1805.934,2386.154,  0.000,1895.385
batch1/serial1.log:GASCAL,26,1532.747,1531.942,1793.846,2403.077,  0.000,1869.597
batch1/serial1.log:GASCAL,26,1527.912,1541.612,1781.758,2407.106,  0.000,1844.615
batch1/serial1.log:GASCAL,26,1527.912,1524.689,1771.282,2399.854,  0.000,1811.575
batch1/serial1.log:GASCAL,26,1521.465,1531.136,1762.418,2390.183,  0.000,1795.458
batch1/serial1.log:GASCAL,26,1523.077,1519.048,1743.883,2402.271,  0.000,1771.282
batch1/serial1.log:GASCAL,26,1509.377,1517.436,1730.989,2401.465,  0.000,1740.659
batch1/serial1.log:GASCAL,26,1524.689,1506.960,1722.125,2390.989,  0.000,1723.736
batch1/serial1.log:GASCAL,26,1503.736,1523.883,1708.425,2385.348,  0.000,1706.813
batch1/serial1.log:GASCAL,26,1514.213,1499.707,1703.590,2397.436,  0.000,1677.802
batch1/serial1.log:GASCAL,26,1497.289,1513.407,1690.696,2405.495,  0.000,1664.103
batch1/serial1.log:GASCAL,26,1486.813,1479.561,1671.355,2380.513,  0.000,1647.180
batch1/serial1.log:GASCAL,26,1486.007,1482.784,1664.909,2401.465,  0.000,1627.839
batch1/serial1.log:GASCAL,26,1473.920,1479.561,1655.238,2395.018,  0.000,1606.887
batch1/serial1.log:GASCAL,26,1479.561,1482.784,1642.344,2414.359,  0.000,1594.799
batch1/serial1.log:GASCAL,26,1477.143,1477.949,1639.927,2404.689,  0.000,1573.846
batch1/serial2.log:GASCAL,24,1635.092,1635.898,  0.000,273.187,  0.000,  0.000
batch1/serial2.log:GASCAL,24,1512.601,1508.572,  0.000,272.381,  0.000,  0.000
batch1/serial2.log:GASCAL,24,1427.180,1424.762,  0.000,273.187,  0.000,  0.000
batch1/serial2.log:GASCAL,24,1355.458,1355.458,  0.000,272.381,  0.000,  0.000
batch1/serial2.log:GASCAL,24,1302.271,1302.271,  0.000,273.187,  0.000,  0.000
batch1/serial2.log:GASCAL,24,1263.590,1262.784,  0.000,272.381,  0.000,  0.000
batch1/serial2.log:GASCAL,24,1233.773,1233.773,  0.000,271.575,  0.000,  0.000
batch1/serial2.log:GASCAL,24,1210.403,1208.791,  0.000,273.187,  0.000,  0.000
batch1/serial2.log:GASCAL,24,1193.480,1193.480,  0.000,272.381,  0.000, 41.099
batch1/serial2.log:GASCAL,24,1180.586,1179.780,  0.000,273.993,  0.000,150.696
batch1/serial2.log:GASCAL,24,1170.110,1167.692,  0.000,273.993,  0.000,240.952
batch1/serial2.log:GASCAL,24,1159.634,1160.440,  0.000,271.575,  0.000,304.615
batch1/serial2.log:GASCAL,24,1149.158,1149.158,  0.000,273.993,  0.000,361.832
batch1/serial2.log:GASCAL,24,1142.711,1144.322,  0.000,271.575,  0.000,390.843
batch1/serial2.log:GASCAL,24,1124.176,1124.982,  0.000,273.993,  0.000,415.018
batch1/serial2.log:GASCAL,24,1130.623,1129.817,  0.000,271.575,  0.000,442.418
batch1/serial2.log:GASCAL,24,1127.399,1125.788, 35.458,273.187,  0.000,460.147
batch1/serial2.log:GASCAL,24,1119.341,1120.147,128.938,271.575,  0.000,472.234
batch1/serial2.log:GASCAL,24,1115.311,1115.311,211.941,272.381,  0.000,494.799
batch1/serial2.log:GASCAL,24,1112.088,1111.282,282.857,273.187,  0.000,502.857
batch1/serial2.log:GASCAL,24,1112.894,1106.447,338.462,273.187,  0.000,506.886
batch1/serial2.log:GASCAL,24,1090.330,1089.524,381.172,271.575,  0.000,522.198
batch1/serial2.log:GASCAL,24,1098.388,1097.582,424.689,271.575,  0.000,525.421
batch1/serial2.log:GASCAL,24,1095.971,1103.224,465.788,272.381, 18.535,531.868
batch1/serial2.log:GASCAL,24,1092.747,1093.553,494.799,272.381, 38.681,536.703
batch1/serial2.log:GASCAL,24,1091.136,1089.524,518.974,272.381, 49.963,543.150
batch1/serial2.log:GASCAL,24,1087.106,1092.747,551.209,271.575, 62.857,557.656
batch1/serial2.log:GASCAL,24,1078.242,1073.407,570.549,273.187, 66.081,557.656
batch1/serial2.log:GASCAL,24,1066.960,1064.542,590.696,273.187, 73.333,559.267
batch1/serial2.log:GASCAL,24,1068.571,1063.736,608.425,272.381, 89.451,564.908
batch1/serial2.log:GASCAL,24,1058.901,1058.901,617.289,272.381, 90.256,564.103
batch1/serial2.log:GASCAL,24,1057.289,1054.872,643.883,271.575, 99.927,572.161
batch1/serial2.log:GASCAL,24,1048.425,1050.843,647.912,270.769,111.209,576.190
batch1/serial2.log:GASCAL,24,1044.396,1047.619,664.835,272.381,110.403,573.773
batch1/serial2.log:GASCAL,24,1044.396,1038.755,678.535,271.575,120.073,573.773
batch1/serial2.log:GASCAL,24,1018.608,1028.278,699.487,273.187,128.938,580.220
batch1/serial2.log:GASCAL,24,1029.084,1026.667,716.410,271.575,128.938,581.832
batch1/serial2.log:GASCAL,24,1012.967,1012.161,723.663,272.381,132.161,589.084
batch1/serial2.log:GASCAL,24,1004.908,1000.879,734.945,271.575,142.637,581.832
batch1/serial2.log:GASCAL,24,989.597,991.209,755.092,270.769,147.473,586.667
batch1/serial2.log:GASCAL,24,970.256,971.868,762.344,273.993,151.502,586.667
batch1/serial2.log:GASCAL,24,950.110,950.110,786.520,271.575,150.696,590.696
batch1/serial2.log:GASCAL,24,936.410,934.799,801.832,273.187,153.919,586.667
batch1/serial2.log:GASCAL,24,924.322,924.322,816.337,273.993,159.560,589.084
batch1/serial2.log:GASCAL,24,909.011,909.817,842.125,273.993,167.619,595.531
batch1/serial2.log:GASCAL,24,896.117,894.506,860.659,271.575,167.619,593.919
batch1/serial2.log:GASCAL,24,883.224,884.835,883.224,272.381,174.872,597.949
batch1/serial2.log:GASCAL,24,877.582,877.582,897.729,273.187,177.289,593.114
batch1/serial2.log:GASCAL,24,874.359,874.359,924.322,272.381,184.542,596.337
batch1/serial2.log:GASCAL,24,872.747,875.165,941.245,273.993,180.513,597.143
batch1/serial2.log:GASCAL,24,866.300,860.659,942.051,273.187,190.989,600.366
batch1/serial2.log:GASCAL,24,867.106,867.912,958.974,271.575,187.766,597.949
batch1/serial2.log:GASCAL,24,868.718,871.136,979.927,273.187,190.183,601.172
batch1/serial2.log:GASCAL,24,874.359,872.747,989.597,273.187,191.795,604.396
batch1/serial2.log:GASCAL,24,871.941,870.330,987.180,273.187,196.630,602.784
batch1/serial2.log:GASCAL,24,871.941,871.941,982.344,273.187,196.630,598.755
batch1/serial2.log:GASCAL,24,869.524,866.300,992.821,271.575,197.436,597.143
batch1/serial2.log:GASCAL,24,864.689,865.495,999.267,274.799,203.883,597.143
batch1/serial2.log:GASCAL,24,863.883,863.883,999.267,273.187,199.048,605.201
batch1/serial2.log:GASCAL,24,860.659,860.659,1002.491,272.381,203.077,598.755
batch1/serial2.log:GASCAL,24,846.154,843.736,998.462,272.381,202.271,601.978
batch1/serial2.log:GASCAL,24,854.213,855.018,990.403,271.575,202.271,600.366
batch1/serial2.log:GASCAL,24,855.824,856.630,986.374,273.993,208.718,604.396
batch1/serial2.log:GASCAL,24,857.436,858.242,987.180,273.993,206.300,604.396
batch1/serial2.log:GASCAL,24,860.659,857.436,986.374,271.575,212.747,603.590
batch1/serial2.log:GASCAL,24,860.659,860.659,981.539,272.381,207.912,601.172
batch1/serial2.log:GASCAL,24,862.271,859.048,979.927,272.381,209.524,602.784
batch1/serial2.log:GASCAL,24,858.242,859.854,977.509,271.575,216.777,606.813
batch1/serial2.log:GASCAL,24,849.377,852.601,971.062,273.187,203.883,602.784
batch1/serial2.log:GASCAL,24,846.154,844.542,971.868,273.993,217.582,597.143
batch1/serial2.log:GASCAL,24,854.213,855.824,967.839,272.381,211.941,604.396
batch1/serial2.log:GASCAL,24,857.436,858.242,969.451,271.575,212.747,603.590
batch1/serial2.log:GASCAL,24,856.630,855.018,961.392,271.575,220.806,598.755
batch1/serial2.log:GASCAL,24,857.436,857.436,967.839,272.381,216.777,602.784
batch1/serial2.log:GASCAL,24,855.824,858.242,958.974,273.993,215.971,593.114
batch1/serial2.log:GASCAL,24,857.436,855.824,963.004,273.187,219.194,604.396
batch1/serial3.log:GASCAL,28,1758.388,1783.370,  0.000,269.963,  0.000,3300.000
batch1/serial3.log:GASCAL,28,1680.220,1713.260,  0.000,272.381,  0.000,3300.000
batch1/serial3.log:GASCAL,28,1606.887,1606.887,  0.000,268.352,  0.000,3300.000
batch1/serial3.log:GASCAL,28,1564.176,1550.476,  0.000,269.963,  0.000,3300.000
batch1/serial3.log:GASCAL,28,1486.007,1484.396,  0.000,274.799,  0.000,3300.000
batch1/serial3.log:GASCAL,28,1442.491,1445.714,  0.000,274.799,  0.000,2710.110
batch1/serial3.log:GASCAL,28,1400.586,1426.374,  0.000,268.352,  0.000,2262.857
batch1/serial3.log:GASCAL,28,1370.769,1390.110,  0.000,274.799,  0.000,1983.224
batch1/serial3.log:GASCAL,28,1344.176,1342.564,  0.000,267.546,  0.000,1801.905
batch1/serial3.log:GASCAL,28,1349.011,1355.458,  0.000,270.769,  0.000,1646.374
batch1/serial3.log:GASCAL,28,1327.253,1315.165,  0.000,273.993,  0.000,1532.747
batch1/serial3.log:GASCAL,28,1328.059,1295.824,  0.000,265.128,  0.000,1432.821
batch1/serial3.log:GASCAL,28,1285.348,1307.912,  0.000,266.740,  0.000,1352.234
batch1/serial3.log:GASCAL,28,1286.154,1296.630,  0.000,274.799,  0.000,1289.377
batch1/serial3.log:GASCAL,28,1252.308,1277.290,  0.000,267.546,  0.000,1241.026
batch1/serial3.log:GASCAL,28,1285.348,1278.901,  0.000,269.158,  0.000,1193.480
batch1/serial3.log:GASCAL,28,1273.260,1270.037,  0.000,263.516,  0.000,1156.410
batch1/serial3.log:GASCAL,28,1253.920,1263.590,  0.000,266.740,  0.000,1128.205
batch1/serial3.log:GASCAL,28,1255.531,1240.220,  0.000,271.575,  0.000,1097.582
batch1/serial3.log:GASCAL,28,1245.861,1261.978,  0.000,273.187,  0.000,1083.077
batch1/serial3.log:GASCAL,28,1252.308,1252.308,  0.000,266.740,  0.000,1054.066
batch1/serial3.log:GASCAL,28,1244.249,1245.055,  0.000,269.158,  0.000,1040.366
batch1/serial3.log:GASCAL,28,1220.073,1223.297, 87.839,266.740,  0.000,1027.473
batch1/serial3.log:GASCAL,28,1224.908,1212.015,161.172,266.740,  0.000,1012.161
batch1/serial3.log:GASCAL,28,1235.385,1216.044,229.670,274.799,  0.000,1000.879
batch1/serial3.log:GASCAL,28,1206.374,1226.520,283.663,269.963, 10.476,994.432
batch1/serial3.log:GASCAL,28,1187.033,1195.092,333.626,267.546, 30.623,985.568
batch1/serial3.log:GASCAL,28,1174.945,1201.538,377.949,267.546, 31.429,973.480
batch1/serial3.log:GASCAL,28,1197.509,1191.062,412.601,273.993, 42.711,966.227
batch1/serial3.log:GASCAL,28,1190.256,1188.645,452.894,267.546, 52.381,960.586
batch1/serial3.log:GASCAL,28,1203.956,1192.674,489.158,266.740, 61.245,956.557
batch1/serial3.log:GASCAL,28,1177.363,1187.839,515.751,273.993, 67.692,946.081
batch1/serial3.log:GASCAL,28,1184.615,1183.004,545.568,273.187, 73.333,942.857
batch1/serial3.log:GASCAL,28,1162.051,1164.469,575.385,270.769, 87.033,935.604
batch1/serial3.log:GASCAL,28,1147.546,1157.216,596.337,270.769, 89.451,935.604
batch1/serial3.log:GASCAL,28,1141.099,1153.187,624.542,269.963, 93.480,923.517
batch1/serial3.log:GASCAL,28,1128.205,1141.099,646.300,266.740, 94.286,921.905
batch1/serial3.log:GASCAL,28,1130.623,1130.623,672.088,269.963,103.150,913.846
batch1/serial3.log:GASCAL,28,1134.652,1108.059,696.264,273.187,108.791,913.040
batch1/serial3.log:GASCAL,28,1091.941,1112.088,718.828,269.963,111.209,905.788
batch1/serial3.log:GASCAL,28,1089.524,1078.242,744.615,266.740,117.656,904.982
batch1/serial3.log:GASCAL,28,1054.066,1044.396,773.626,269.963,119.267,908.205
batch1/serial3.log:GASCAL,28,1053.260,1041.172,789.744,270.769,129.744,899.341
batch1/serial3.log:GASCAL,28,1046.007,1042.784,817.949,267.546,128.938,895.311
batch1/serial3.log:GASCAL,28,1032.308,1023.443,840.513,274.799,137.802,899.341
batch1/serial3.log:GASCAL,28,993.626,993.626,856.630,269.963,133.773,891.282
batch1/serial3.log:GASCAL,28,979.927,976.703,877.582,270.769,138.608,888.059
batch1/serial3.log:GASCAL,28,981.539,980.733,900.952,266.740,143.443,890.476
batch1/serial3.log:GASCAL,28,971.062,975.092,907.399,273.993,141.026,886.447
batch1/serial3.log:GASCAL,28,967.033,971.062,933.187,269.963,149.084,886.447
batch1/serial3.log:GASCAL,28,944.469,946.081,943.663,266.740,148.278,884.835
batch1/serial3.log:GASCAL,28,941.245,928.352,954.139,267.546,149.084,882.418
batch1/serial3.log:GASCAL,28,942.857,962.198,963.810,266.740,150.696,880.806
batch1/serial3.log:GASCAL,28,957.363,958.169,971.062,266.740,155.531,873.553
batch1/serial3.log:GASCAL,28,960.586,951.722,977.509,271.575,160.366,876.777
batch1/serial3.log:GASCAL,28,952.528,972.674,987.985,272.381,159.560,871.136
batch1/serial3.log:GASCAL,28,963.004,983.956,992.821,271.575,159.560,867.912
batch1/serial3.log:GASCAL,28,966.227,983.150,992.821,269.158,165.201,870.330
batch1/serial3.log:GASCAL,28,989.597,975.897,996.850,270.769,167.619,863.883
batch1/serial3.log:GASCAL,28,993.626,992.821,1000.879,267.546,168.425,858.242
batch1/serial3.log:GASCAL,28,975.897,978.315,1004.103,270.769,167.619,862.271
batch1/serial3.log:GASCAL,28,999.267,992.821,1007.326,270.769,168.425,857.436
batch1/serial3.log:GASCAL,28,978.315,978.315,992.821,267.546,169.231,853.407
batch1/serial3.log:GASCAL,28,995.238,999.267,1002.491,266.740,170.842,851.795
batch1/serial3.log:GASCAL,28,982.344,986.374,999.267,274.799,176.484,849.377
batch1/serial3.log:GASCAL,28,996.850,991.209,1000.879,273.187,172.454,854.213
batch1/serial3.log:GASCAL,28,993.626,993.626,1005.714,275.604,180.513,848.571
batch1/serial3.log:GASCAL,28,970.256,965.421,999.267,270.769,174.872,846.154
batch1/serial3.log:GASCAL,28,967.033,967.839,1001.685,269.158,180.513,846.154
batch1/serial3.log:GASCAL,28,938.828,938.022,1006.520,269.158,181.319,842.125
batch1/serial3.log:GASCAL,28,963.810,965.421,1004.103,266.740,181.319,835.678
batch1/serial3.log:GASCAL,28,952.528,962.198,1003.297,267.546,178.901,836.484
batch1/serial3.log:GASCAL,28,958.169,955.751,1011.355,269.963,177.289,831.648
batch1/serial3.log:GASCAL,28,963.004,952.528,1009.744,274.799,182.125,830.037
batch1/serial3.log:GASCAL,28,954.139,969.451,1007.326,274.799,182.125,832.454
batch1/serial3.log:GASCAL,28,948.498,965.421,1014.579,267.546,183.736,826.007
batch1/serial5.log:GASCAL,22,1464.249,1444.103,3300.000,275.604,  0.000,3300.000
batch1/serial5.log:GASCAL,22,1411.062,1397.363,3300.000,270.769,  0.000,3300.000
batch1/serial5.log:GASCAL,22,1355.458,1356.264,3300.000,274.799,  0.000,3300.000
batch1/serial5.log:GASCAL,22,1295.018,1270.037,3300.000,269.963,  0.000,3300.000
batch1/serial5.log:GASCAL,22,1218.462,1220.073,3300.000,273.993,  0.000,3300.000
batch1/serial5.log:GASCAL,22,1144.322,1156.410,3300.000,271.575,  0.000,3300.000
batch1/serial5.log:GASCAL,22,1102.418,1103.224,3300.000,270.769,  0.000,3300.000
batch1/serial5.log:GASCAL,22,1056.484,1070.183,3300.000,269.963,  0.000,3300.000
batch1/serial5.log:GASCAL,22,1032.308,1018.608,3300.000,271.575,  0.000,3300.000
batch1/serial5.log:GASCAL,22,1018.608,1015.385,3300.000,274.799,  0.000,3300.000
batch1/serial5.log:GASCAL,22,988.791,996.044,3300.000,275.604,  0.000,3300.000
batch1/serial5.log:GASCAL,22,960.586,963.810,3300.000,273.187,  0.000,3300.000
batch1/serial5.log:GASCAL,22,952.528,950.916,3300.000,269.963,  0.000,3300.000
batch1/serial5.log:GASCAL,22,927.546,930.769,3300.000,270.769,  0.000,3300.000
batch1/serial5.log:GASCAL,22,909.011,917.070,3300.000,270.769,  0.000,3300.000
batch1/serial5.log:GASCAL,22,910.623,897.729,3300.000,270.769,  0.000,3300.000
batch1/serial5.log:GASCAL,22,890.476,888.059,3300.000,271.575,  0.000,3300.000
batch1/serial5.log:GASCAL,22,881.612,876.777,3300.000,270.769,  0.000,3300.000
batch1/serial5.log:GASCAL,22,866.300,866.300,3300.000,269.963,  0.000,3300.000
batch1/serial5.log:GASCAL,22,872.747,873.553,3300.000,274.799,  0.000,3300.000
batch1/serial5.log:GASCAL,22,871.941,855.018,3300.000,271.575,  0.000,3300.000
batch1/serial5.log:GASCAL,22,857.436,839.707,3300.000,269.963,  0.000,3300.000
batch1/serial5.log:GASCAL,22,852.601,846.154,3300.000,273.993,  0.000,3300.000
batch1/serial5.log:GASCAL,22,837.289,838.095,3300.000,274.799,  0.000,3300.000
batch1/serial5.log:GASCAL,22,848.571,846.960,3300.000,270.769,  0.000,3300.000
batch1/serial5.log:GASCAL,22,836.484,829.231,3300.000,275.604,  0.000,3300.000
batch1/serial5.log:GASCAL,22,824.396,829.231,3300.000,273.187,  0.000,3300.000
batch1/serial5.log:GASCAL,22,831.648,820.366,3300.000,271.575,  0.000,3300.000
batch1/serial5.log:GASCAL,22,813.919,805.055,3300.000,269.158,  0.000,3300.000
batch1/serial5.log:GASCAL,22,797.802,807.473,3300.000,271.575,  0.000,3300.000
batch1/serial5.log:GASCAL,22,796.191,796.996,3300.000,270.769,  0.000,3300.000
batch1/serial5.log:GASCAL,22,799.414,799.414,3300.000,272.381,  0.000,3300.000
batch1/serial5.log:GASCAL,22,795.385,794.579,3300.000,272.381,  0.000,3300.000
batch1/serial5.log:GASCAL,22,776.044,776.850,3300.000,269.963,  0.000,3300.000
batch1/serial5.log:GASCAL,22,767.985,776.044,3300.000,275.604,  0.000,3300.000
batch1/serial5.log:GASCAL,22,755.897,760.733,3300.000,270.769,  0.000,3300.000
batch1/serial5.log:GASCAL,22,754.286,759.927,3300.000,272.381,  0.000,3300.000
batch1/serial5.log:GASCAL,22,756.703,751.868,3300.000,275.604,  0.000,3300.000
batch1/serial5.log:GASCAL,22,744.615,747.839,3300.000,273.187,  0.000,3300.000
batch1/serial5.log:GASCAL,22,727.692,716.410,3300.000,274.799,  0.000,3300.000
batch1/serial5.log:GASCAL,22,700.293,699.487,3300.000,270.769,  0.000,3300.000
batch1/serial5.log:GASCAL,22,691.429,693.040,3300.000,272.381,  0.000,3300.000
batch1/serial5.log:GASCAL,22,701.099,703.517,3300.000,270.769,  0.000,3300.000
batch1/serial5.log:GASCAL,22,691.429,690.623,3300.000,275.604,  0.000,3300.000
batch1/serial5.log:GASCAL,22,691.429,697.070,3300.000,273.187,  0.000,3300.000
batch1/serial5.log:GASCAL,22,690.623,693.040,3300.000,273.187,  0.000,3300.000
batch1/serial5.log:GASCAL,22,688.205,691.429,3300.000,274.799,  0.000,3300.000
batch1/serial5.log:GASCAL,22,688.205,692.234,3300.000,270.769,  0.000,3300.000
batch1/serial5.log:GASCAL,22,678.535,671.282,3300.000,269.963,  0.000,3300.000
batch1/serial5.log:GASCAL,22,671.282,661.612,3300.000,275.604,  0.000,3300.000
batch1/serial5.log:GASCAL,22,647.106,645.495,3300.000,272.381,  0.000,3300.000
batch1/serial5.log:GASCAL,22,637.436,638.242,3300.000,271.575,  0.000,3300.000
batch1/serial5.log:GASCAL,22,617.289,615.678,3300.000,274.799,  0.000,3300.000
batch1/serial5.log:GASCAL,22,617.289,610.843,3300.000,273.187,  0.000,3300.000
batch1/serial5.log:GASCAL,22,606.007,606.007,3300.000,271.575,  0.000,3300.000
batch1/serial5.log:GASCAL,22,602.784,599.560,3300.000,275.604,  0.000,3300.000
batch1/serial5.log:GASCAL,22,605.201,603.590,3300.000,273.187,  0.000,3300.000
batch1/serial5.log:GASCAL,22,588.278,589.890,3300.000,271.575,  0.000,3300.000
batch1/serial5.log:GASCAL,22,585.055,584.249,3300.000,273.187,  0.000,3300.000
batch1/serial5.log:GASCAL,22,589.890,589.084,3300.000,271.575,  0.000,3300.000
batch1/serial5.log:GASCAL,22,572.161,573.773,3300.000,270.769,  0.000,3300.000
batch1/serial5.log:GASCAL,22,566.520,568.132,3300.000,272.381,  0.000,3300.000
batch1/serial5.log:GASCAL,22,570.549,569.744,3216.997,270.769,  0.000,3300.000
batch1/serial5.log:GASCAL,22,576.996,573.773,3146.081,275.604,  0.000,3300.000
batch1/serial5.log:GASCAL,22,579.414,569.744,3078.388,273.187,  0.000,3300.000
batch1/serial5.log:GASCAL,22,565.714,568.132,3014.726,270.769,  0.000,3300.000
batch1/serial5.log:GASCAL,22,561.685,572.161,2960.733,270.769,  0.000,3300.000
batch1/serial5.log:GASCAL,22,561.685,566.520,2902.711,275.604,  0.000,3300.000
batch1/serial5.log:GASCAL,22,556.044,564.103,2860.000,276.410,  0.000,3300.000
batch1/serial5.log:GASCAL,22,549.597,547.985,2810.843,272.381,  0.000,3300.000
batch1/serial5.log:GASCAL,22,546.374,550.403,2768.938,273.993,  0.000,3300.000
batch1/serial5.log:GASCAL,22,556.044,544.762,2735.898,272.381,  0.000,3276.630
batch1/serial5.log:GASCAL,22,547.180,554.432,2705.275,272.381,  0.000,3168.645
batch1/serial5.log:GASCAL,22,549.597,551.209,2669.011,274.799,  0.000,3065.495
batch1/serial5.log:GASCAL,22,559.267,564.908,2644.835,274.799,  0.000,2984.909
batch1/serial5.log:GASCAL,22,560.073,564.908,2609.377,274.799,  0.000,2905.128
batch2/serial0.log:GASCAL,25,1518.242,1523.883,3300.000,273.187,  0.000,3300.000
batch2/serial0.log:GASCAL,25,1456.996,1444.103,3300.000,278.022,  0.000,3300.000
batch2/serial0.log:GASCAL,25,1386.081,1405.421,3300.000,273.187,  0.000,3300.000
batch2/serial0.log:GASCAL,25,1347.399,1340.953,3300.000,278.022,  0.000,3300.000
batch2/serial0.log:GASCAL,25,1299.854,1279.707,3300.000,273.993,  0.000,3300.000
batch2/serial0.log:GASCAL,25,1259.561,1257.143,3300.000,276.410,  0.000,3300.000
batch2/serial0.log:GASCAL,25,1209.597,1209.597,3300.000,278.022,  0.000,3300.000
batch2/serial0.log:GASCAL,25,1206.374,1187.033,3300.000,278.022,  0.000,3300.000
batch2/serial0.log:GASCAL,25,1154.799,1161.245,3300.000,273.187,  0.000,3300.000
batch2/serial0.log:GASCAL,25,1154.799,1156.410,3300.000,273.187,  0.000,3300.000
batch2/serial0.log:GASCAL,25,1141.099,1135.458,3300.000,273.993,  0.000,3300.000
batch2/serial0.log:GASCAL,25,1124.982,1138.681,3300.000,278.828,  0.000,3300.000
batch2/serial0.log:GASCAL,25,1112.894,1116.923,3300.000,273.993,  0.000,3300.000
batch2/serial0.log:GASCAL,25,1102.418,1106.447,3300.000,278.022,  0.000,3300.000
batch2/serial0.log:GASCAL,25,1086.300,1095.971,3300.000,278.022,  0.000,3300.000
batch2/serial0.log:GASCAL,25,1083.077,1062.125,3300.000,273.993,  0.000,3300.000
batch2/serial0.log:GASCAL,25,1074.213,1083.077,3300.000,277.216,  0.000,3300.000
batch2/serial0.log:GASCAL,25,1087.106,1075.824,3300.000,277.216,  0.000,3300.000
batch2/serial0.log:GASCAL,25,1062.930,1063.736,3300.000,278.022,  0.000,3300.000
batch2/serial0.log:GASCAL,25,1055.678,1057.289,3300.000,277.216,  0.000,3300.000
batch2/serial0.log:GASCAL,25,1049.231,1056.484,3300.000,273.993,  0.000,3300.000
batch2/serial0.log:GASCAL,25,1061.319,1044.396,3300.000,278.828,  0.000,3300.000
batch2/serial0.log:GASCAL,25,1041.172,1019.414,3300.000,273.187,  0.000,3300.000
batch2/serial0.log:GASCAL,25,1028.278,1032.308,3300.000,278.828,  0.000,3300.000
batch2/serial0.log:GASCAL,25,1041.978,1036.337,3300.000,278.022,  0.000,3300.000
batch2/serial0.log:GASCAL,25,1045.202,1045.202,3300.000,273.187,  0.000,3300.000
batch2/serial0.log:GASCAL,25,1035.531,1040.366,3300.000,277.216,  0.000,3300.000
batch2/serial0.log:GASCAL,25,1020.220,1014.579,3300.000,278.022,  0.000,3300.000
batch2/serial0.log:GASCAL,25,1016.996,1018.608,3300.000,273.993,  0.000,3300.000
batch2/serial0.log:GASCAL,25,995.238,1004.103,3300.000,277.216,  0.000,3300.000
batch2/serial0.log:GASCAL,25,998.462,996.044,3300.000,273.187,  0.000,3300.000
batch2/serial0.log:GASCAL,25,1010.549,1001.685,3300.000,273.993,  0.000,3300.000
batch2/serial0.log:GASCAL,25,993.626,994.432,3300.000,277.216,  0.000,3300.000
batch2/serial0.log:GASCAL,25,982.344,973.480,3300.000,273.187,  0.000,3300.000
batch2/serial0.log:GASCAL,25,971.062,980.733,3300.000,278.828,  0.000,3300.000
batch2/serial0.log:GASCAL,25,958.169,954.945,3300.000,278.022,  0.000,3300.000
batch2/serial0.log:GASCAL,25,942.051,939.634,3300.000,277.216,  0.000,3300.000
batch2/serial0.log:GASCAL,25,934.799,912.234,3300.000,278.022,  0.000,3300.000
batch2/serial0.log:GASCAL,25,925.128,930.769,3300.000,273.187,  0.000,3300.000
batch2/serial0.log:GASCAL,25,912.234,916.264,3300.000,273.993,  0.000,3300.000
batch2/serial0.log:GASCAL,25,903.370,904.176,3300.000,278.828,  0.000,3300.000
batch2/serial0.log:GASCAL,25,897.729,907.399,3300.000,278.828,  0.000,3300.000
batch2/serial0.log:GASCAL,25,888.059,904.176,3300.000,277.216,  0.000,3300.000
batch2/serial0.log:GASCAL,25,878.388,891.282,3300.000,277.216,  0.000,3300.000
batch2/serial0.log:GASCAL,25,883.224,878.388,3300.000,273.993,  0.000,3300.000
batch2/serial0.log:GASCAL,25,868.718,866.300,3300.000,277.216,  0.000,3300.000
batch2/serial0.log:GASCAL,25,861.465,861.465,3300.000,278.828,  0.000,3300.000
batch2/serial0.log:GASCAL,25,863.883,859.854,3300.000,278.022,  0.000,3300.000
batch2/serial0.log:GASCAL,25,857.436,857.436,3300.000,276.410,  0.000,3300.000
batch2/serial0.log:GASCAL,25,863.077,867.106,3300.000,277.216,  0.000,3300.000
batch2/serial0.log:GASCAL,25,850.989,851.795,3300.000,278.022,  0.000,3300.000
batch2/serial0.log:GASCAL,25,848.571,848.571,3300.000,277.216,  0.000,3300.000
batch2/serial0.log:GASCAL,25,842.125,842.930,3300.000,278.022,  0.000,3300.000
batch2/serial0.log:GASCAL,25,832.454,825.202,3300.000,277.216,  0.000,3300.000
batch2/serial0.log:GASCAL,25,847.766,835.678,3300.000,277.216,  0.000,3300.000
batch2/serial0.log:GASCAL,25,847.766,835.678,3300.000,278.022,  0.000,3300.000
batch2/serial0.log:GASCAL,25,839.707,841.319,3300.000,273.993,  0.000,3300.000
batch2/serial0.log:GASCAL,25,839.707,833.260,3300.000,277.216,  0.000,3300.000
batch2/serial0.log:GASCAL,25,832.454,843.736,3300.000,278.828,  0.000,3300.000
batch2/serial0.log:GASCAL,25,830.843,844.542,3300.000,273.993,  0.000,3300.000
batch2/serial0.log:GASCAL,25,830.037,835.678,3300.000,277.216,  0.000,3300.000
batch2/serial0.log:GASCAL,25,834.872,843.736,3300.000,273.993,  0.000,3300.000
batch2/serial0.log:GASCAL,25,831.648,830.037,3300.000,278.022,  0.000,3300.000
batch2/serial0.log:GASCAL,25,810.696,818.755,3300.000,273.187,  0.000,3300.000
batch2/serial0.log:GASCAL,25,832.454,832.454,3300.000,273.187,  0.000,3300.000
batch2/serial0.log:GASCAL,25,820.366,819.560,3300.000,278.022,  0.000,3300.000
batch2/serial0.log:GASCAL,25,830.037,824.396,3300.000,277.216,  0.000,3300.000
batch2/serial0.log:GASCAL,25,826.007,818.755,3300.000,278.022,  0.000,3300.000
batch2/serial0.log:GASCAL,25,827.619,814.725,3300.000,273.187,  0.000,3300.000
batch2/serial0.log:GASCAL,25,818.755,819.560,3300.000,278.022,  0.000,3300.000
batch2/serial0.log:GASCAL,25,811.502,823.590,3300.000,278.828,  0.000,3300.000
batch2/serial0.log:GASCAL,25,811.502,815.531,3300.000,273.993,  0.000,3300.000
batch2/serial0.log:GASCAL,25,806.667,806.667,3300.000,278.828,  0.000,3300.000
batch2/serial0.log:GASCAL,25,796.996,799.414,3300.000,278.828,  0.000,3300.000
batch2/serial0.log:GASCAL,25,796.996,800.220,3300.000,277.216,  0.000,3300.000
batch2/serial0.log:GASCAL,25,803.443,809.084,3300.000,277.216,  0.000,3300.000
batch2/serial0.log:GASCAL,25,802.637,808.278,3300.000,273.993,  0.000,3300.000
batch2/serial0.log:GASCAL,25,802.637,812.308,3300.000,273.187,  0.000,3300.000
batch2/serial1.log:GASCAL,23,  0.000,  0.000,3300.000,269.158,  0.000,3300.000
batch2/serial1.log:GASCAL,23,  0.000,  0.000,3300.000,270.769,  0.000,3300.000
batch2/serial1.log:GASCAL,23,  0.000,  0.000,3300.000,269.158,  0.000,3300.000
batch2/serial1.log:GASCAL,23,  0.000,  0.000,3300.000,273.187,  0.000,3300.000
batch2/serial1.log:GASCAL,23,  0.000,  0.000,3300.000,269.158,  0.000,3300.000
batch2/serial1.log:GASCAL,23,  0.000,  0.000,3300.000,273.993,  0.000,3300.000
batch2/serial1.log:GASCAL,23,  0.000,  0.000,3300.000,269.963,  0.000,3300.000
batch2/serial1.log:GASCAL,23,  0.000,  0.000,3300.000,270.769,  0.000,3300.000
batch2/serial1.log:GASCAL,23,  0.000,  0.000,3300.000,269.158,  0.000,3300.000
batch2/serial1.log:GASCAL,23,  0.000,  0.000,3300.000,270.769,  0.000,3300.000
batch2/serial1.log:GASCAL,23,  0.000,  0.000,3300.000,270.769,  0.000,3300.000
batch2/serial1.log:GASCAL,23,  0.000,  0.000,3300.000,270.769,  0.000,3300.000
batch2/serial1.log:GASCAL,23,  0.000,  0.000,3300.000,268.352,  0.000,3300.000
batch2/serial1.log:GASCAL,23,  0.000,  0.000,3300.000,271.575,  0.000,3300.000
batch2/serial1.log:GASCAL,23,  0.000,  0.000,3300.000,274.799,  0.000,3300.000
batch2/serial1.log:GASCAL,23,  0.000,  0.000,3300.000,273.187,  0.000,3300.000
batch2/serial1.log:GASCAL,23,  0.000,  0.000,3300.000,270.769,  0.000,3300.000
batch2/serial1.log:GASCAL,23,  0.000,  0.000,3300.000,273.187,  0.000,3300.000
batch2/serial1.log:GASCAL,23,  0.000,  0.000,3300.000,270.769,  0.000,3300.000
batch2/serial1.log:GASCAL,23,  0.000,  0.000,3300.000,270.769,  0.000,3300.000
batch2/serial1.log:GASCAL,23,  0.000,  0.000,3300.000,270.769,  0.000,3300.000
batch2/serial1.log:GASCAL,23,  0.000,  0.000,3300.000,273.993,  0.000,3300.000
batch2/serial1.log:GASCAL,23,  0.000,  0.000,3300.000,269.158,  0.000,3300.000
batch2/serial1.log:GASCAL,23,  0.000,  0.000,3300.000,273.993,  0.000,3300.000
batch2/serial1.log:GASCAL,23,  0.000,  0.000,3300.000,269.158,  0.000,3300.000
batch2/serial1.log:GASCAL,23,  0.000,  0.000,3300.000,270.769,  0.000,3300.000
batch2/serial1.log:GASCAL,23,  0.000,  0.000,3300.000,269.963,  0.000,3300.000
batch2/serial1.log:GASCAL,23,  0.000,  0.000,3300.000,273.993,  0.000,3300.000
batch2/serial1.log:GASCAL,23,  0.000,  0.000,3300.000,268.352,  0.000,3300.000
batch2/serial1.log:GASCAL,23,  0.000,  0.000,3300.000,273.993,  0.000,3300.000
batch2/serial1.log:GASCAL,23,  0.000,  0.000,3300.000,270.769,  0.000,3300.000
batch2/serial1.log:GASCAL,23,  0.000,  0.000,3300.000,271.575,  0.000,3300.000
batch2/serial1.log:GASCAL,23,  0.000,  0.000,3300.000,269.158,  0.000,3300.000
batch2/serial1.log:GASCAL,23,  0.000,  0.000,3300.000,273.993,  0.000,3300.000
batch2/serial1.log:GASCAL,23,  0.000,  0.000,3300.000,270.769,  0.000,3300.000
batch2/serial1.log:GASCAL,23,  0.000,  0.000,3300.000,273.993,  0.000,3300.000
batch2/serial1.log:GASCAL,23,  0.000,  0.000,3300.000,270.769,  0.000,3300.000
batch2/serial1.log:GASCAL,23,  0.000,  0.000,3300.000,270.769,  0.000,3300.000
batch2/serial1.log:GASCAL,23,  0.000,  0.000,3300.000,269.158,  0.000,3300.000
batch2/serial1.log:GASCAL,23,  0.000,  0.000,3300.000,273.993,  0.000,3300.000
batch2/serial1.log:GASCAL,23,  0.000,  0.000,3300.000,270.769,  0.000,3300.000
batch2/serial1.log:GASCAL,23,  0.000,  0.000,3300.000,273.187,  0.000,3300.000
batch2/serial1.log:GASCAL,23,  0.000,  0.000,3300.000,269.963,  0.000,3300.000
batch2/serial1.log:GASCAL,23,  0.000,  0.000,3300.000,270.769,  0.000,3300.000
batch2/serial1.log:GASCAL,23,  0.000,  0.000,3300.000,273.993,  0.000,3300.000
batch2/serial1.log:GASCAL,23,  0.000,  0.000,3300.000,268.352,  0.000,3300.000
batch2/serial1.log:GASCAL,23,  0.000,  0.000,3300.000,270.769,  0.000,3300.000
batch2/serial1.log:GASCAL,23,  0.000,  0.000,3300.000,270.769,  0.000,3300.000
batch2/serial1.log:GASCAL,23,  0.000,  0.000,3300.000,269.158,  0.000,3300.000
batch2/serial1.log:GASCAL,23,  0.000,  0.000,3300.000,270.769,  0.000,3300.000
batch2/serial1.log:GASCAL,23,  0.000,  0.000,3300.000,269.158,  0.000,3300.000
batch2/serial1.log:GASCAL,23,  0.000,  0.000,3300.000,270.769,  0.000,3300.000
batch2/serial1.log:GASCAL,23,  0.000,  0.000,3300.000,270.769,  0.000,3300.000
batch2/serial1.log:GASCAL,23,  0.000,  0.000,3300.000,270.769,  0.000,3300.000
batch2/serial1.log:GASCAL,23,  0.000,  0.000,3300.000,270.769,  0.000,3300.000
batch2/serial1.log:GASCAL,23,  0.000,  0.000,3300.000,270.769,  0.000,3300.000
batch2/serial1.log:GASCAL,23,  0.000,  0.000,3300.000,269.158,  0.000,3300.000
batch2/serial1.log:GASCAL,23,  0.000,  0.000,3300.000,269.158,  0.000,3300.000
batch2/serial1.log:GASCAL,23,  0.000,  0.000,3300.000,271.575,  0.000,3300.000
batch2/serial1.log:GASCAL,23,  0.000,  0.000,3300.000,273.993,  0.000,3300.000
batch2/serial1.log:GASCAL,23,  0.000,  0.000,3300.000,270.769,  0.000,3300.000
batch2/serial1.log:GASCAL,23,  0.000,  0.000,3300.000,270.769,  0.000,3300.000
batch2/serial1.log:GASCAL,23,  0.000,  0.000,3300.000,273.993,  0.000,3300.000
batch2/serial1.log:GASCAL,23,  0.000,  0.000,3300.000,269.158,  0.000,3300.000
batch2/serial1.log:GASCAL,23,  0.000,  0.000,3300.000,269.963,  0.000,3300.000
batch2/serial1.log:GASCAL,23,  0.000,  0.000,3300.000,269.158,  0.000,3300.000
batch2/serial1.log:GASCAL,23,  0.000,  0.000,3300.000,269.158,  0.000,3300.000
batch2/serial1.log:GASCAL,23,  0.000,  0.000,3300.000,271.575,  0.000,3300.000
batch2/serial1.log:GASCAL,23,  0.000,  0.000,3300.000,273.993,  0.000,3300.000
batch2/serial1.log:GASCAL,23,  0.000,  0.000,3300.000,269.158,  0.000,3300.000
batch2/serial1.log:GASCAL,23,  0.000,  0.000,3300.000,271.575,  0.000,3300.000
batch2/serial1.log:GASCAL,23,  0.000,  0.000,3300.000,270.769,  0.000,3300.000
batch2/serial1.log:GASCAL,23,  0.000,  0.000,3300.000,270.769,  0.000,3300.000
batch2/serial1.log:GASCAL,23,  0.000,  0.000,3300.000,271.575,  0.000,3300.000
batch2/serial1.log:GASCAL,23,  0.000,  0.000,3300.000,270.769,  0.000,3300.000
batch2/serial1.log:GASCAL,23,  0.000,  0.000,3300.000,273.993,  0.000,3300.000
batch2/serial1.log:GASCAL,23,  0.000,  0.000,3300.000,269.158,  0.000,3239.561
batch2/serial1.log:GASCAL,23,  0.000,  0.000,3300.000,271.575,  0.000,3079.194
batch2/serial2.log:GASCAL,29,  0.000,  0.000,987.985,278.022,  0.000,3300.000
batch2/serial2.log:GASCAL,29,  0.000,  0.000,844.542,273.187,  0.000,3300.000
batch2/serial2.log:GASCAL,29,  0.000,  0.000,745.421,273.187,  0.000,3300.000
batch2/serial2.log:GASCAL,29,  0.000,  0.000,668.059,276.410,  0.000,3300.000
batch2/serial2.log:GASCAL,29,  0.000,  0.000,614.066,273.993,  0.000,2876.923
batch2/serial2.log:GASCAL,29,  0.000,  0.000,570.549,274.799,  0.000,2106.520
batch2/serial2.log:GASCAL,29,  0.000,  0.000,540.733,276.410,  0.000,1592.381
batch2/serial2.log:GASCAL,29,  0.000,  0.000,516.557,279.634,  0.000,1236.996
batch2/serial2.log:GASCAL,29,  0.000,  0.000,498.828,278.828,  0.000,1000.879
batch2/serial2.log:GASCAL,29,  0.000,  0.000,487.546,278.828,  0.000,842.930
batch2/serial2.log:GASCAL,29,  0.000,  0.000,479.487,279.634,  0.000,726.081
batch2/serial2.log:GASCAL,29,  0.000,  0.000,467.399,278.022,  0.000,639.048
batch2/serial2.log:GASCAL,29,  0.000,  0.000,466.593,274.799,  0.000,581.026
batch2/serial2.log:GASCAL,29,  0.000,  0.000,459.341,278.828,  0.000,538.315
batch2/serial2.log:GASCAL,29,  0.000,  0.000,456.923,275.604,  0.000,505.275
batch2/serial2.log:GASCAL,29,  0.000,  0.000,455.311,274.799,  0.000,478.681
batch2/serial2.log:GASCAL,29,  0.000,  0.000,449.670,276.410,  0.000,460.952
batch2/serial2.log:GASCAL,29,  0.000,  0.000,452.088,278.828,  0.000,446.447
batch2/serial2.log:GASCAL,29,  0.000,  0.000,448.059,276.410,  0.000,435.971
batch2/serial2.log:GASCAL,29,  0.000,  0.000,448.865,278.828,  0.000,426.300
batch2/serial2.log:GASCAL,29,  0.000,  0.000,447.253,276.410,  0.000,416.630
batch2/serial2.log:GASCAL,29,  0.000,  0.000,448.865,273.993,  0.000,414.212
batch2/serial2.log:GASCAL,29,  0.000,  0.000,448.059,280.440,  0.000,408.571
batch2/serial2.log:GASCAL,29,  0.000,  0.000,444.835,275.604,  0.000,402.930
batch2/serial2.log:GASCAL,29,  0.000,  0.000,444.029,275.604,  0.000,398.095
batch2/serial2.log:GASCAL,29,  0.000,  0.000,444.835,278.022,  0.000,396.484
batch2/serial2.log:GASCAL,29,  0.000,  0.000,444.029,275.604,  0.000,391.648
batch2/serial2.log:GASCAL,29,  0.000,  0.000,445.641,276.410,  0.000,389.231
batch2/serial2.log:GASCAL,29,  0.000,  0.000,443.223,278.828,  0.000,391.648
batch2/serial2.log:GASCAL,29,  0.000,  0.000,448.059,279.634,  0.000,390.843
batch2/serial2.log:GASCAL,29,  0.000,  0.000,447.253,278.828,  0.000,389.231
batch2/serial2.log:GASCAL,29,  0.000,  0.000,444.835,278.022,  0.000,388.425
batch2/serial2.log:GASCAL,29,  0.000,  0.000,444.029,279.634,  0.000,376.337
batch2/serial2.log:GASCAL,29,  0.000,  0.000,447.253,273.187,  0.000,394.872
batch2/serial2.log:GASCAL,29,  0.000,  0.000,449.670,276.410,  0.000,383.590
batch2/serial2.log:GASCAL,29,  0.000,  0.000,452.088,273.993,  0.000,383.590
batch2/serial2.log:GASCAL,29,  0.000,  0.000,453.700,278.828,  0.000,391.648
batch2/serial2.log:GASCAL,29,  0.000,  0.000,454.506,278.828,  0.000,387.619
batch2/serial2.log:GASCAL,29,  0.000,  0.000,458.535,276.410,  0.000,390.843
batch2/serial2.log:GASCAL,29,  0.000,  0.000,460.952,274.799,  0.000,387.619
batch2/serial2.log:GASCAL,29,  0.000,  0.000,462.564,276.410,  0.000,390.843
batch2/serial2.log:GASCAL,29,  0.000,  0.000,471.429,273.993,  0.000,390.037
batch2/serial2.log:GASCAL,29,  0.000,  0.000,472.234,275.604,  0.000,394.066
batch2/serial2.log:GASCAL,29,  0.000,  0.000,477.875,274.799,  0.000,394.872
batch2/serial2.log:GASCAL,29,  0.000,  0.000,478.681,273.993,  0.000,390.037
batch2/serial2.log:GASCAL,29,  0.000,  0.000,485.128,282.051,  0.000,393.260
batch2/serial2.log:GASCAL,29,  0.000,  0.000,486.740,279.634,  0.000,390.037
batch2/serial2.log:GASCAL,29,  0.000,  0.000,481.905,278.828,  0.000,390.037
batch2/serial2.log:GASCAL,29,  0.000,  0.000,493.187,278.022,  0.000,393.260
batch2/serial2.log:GASCAL,29,  0.000,  0.000,497.216,276.410,  0.000,394.872
batch2/serial2.log:GASCAL,29,  0.000,  0.000,500.440,273.993,  0.000,394.066
batch2/serial2.log:GASCAL,29,  0.000,  0.000,502.857,278.828,  0.000,394.066
batch2/serial2.log:GASCAL,29,  0.000,  0.000,504.469,273.993,  0.000,395.678
batch2/serial2.log:GASCAL,29,  0.000,  0.000,504.469,273.993,  0.000,397.289
batch2/serial2.log:GASCAL,29,  0.000,  0.000,515.751,278.828,  0.000,408.571
batch2/serial2.log:GASCAL,29,  0.000,  0.000,512.527,276.410,  0.000,402.125
batch2/serial2.log:GASCAL,29,  0.000,  0.000,518.169,273.993,  0.000,399.707
batch2/serial2.log:GASCAL,29,  0.000,  0.000,517.363,279.634,  0.000,398.901
batch2/serial2.log:GASCAL,29,  0.000,  0.000,516.557,278.828,  0.000,401.319
batch2/serial2.log:GASCAL,29,  0.000,  0.000,520.586,276.410,  0.000,402.930
batch2/serial2.log:GASCAL,29,  0.000,  0.000,520.586,273.993,  0.000,396.484
batch2/serial2.log:GASCAL,29,  0.000,  0.000,526.227,275.604,  0.000,402.930
batch2/serial2.log:GASCAL,29,  0.000,  0.000,526.227,275.604,  0.000,401.319
batch2/serial2.log:GASCAL,29,  0.000,  0.000,520.586,273.993,  0.000,402.930
batch2/serial2.log:GASCAL,29,  0.000,  0.000,526.227,273.993,  0.000,402.930
batch2/serial2.log:GASCAL,29,  0.000,  0.000,526.227,278.828,  0.000,403.736
batch2/serial2.log:GASCAL,29,  0.000,  0.000,530.256,274.799,  0.000,404.542
batch2/serial2.log:GASCAL,29,  0.000,  0.000,527.839,278.828,  0.806,402.125
batch2/serial2.log:GASCAL,29,  0.000,  0.000,532.674,278.828, 19.341,404.542
batch2/serial2.log:GASCAL,29,  0.000,  0.000,529.451,274.799, 25.788,402.125
batch2/serial2.log:GASCAL,29,  0.000,  0.000,528.645,277.216, 34.652,403.736
batch2/serial2.log:GASCAL,29,  0.000,  0.000,533.480,273.993, 41.099,404.542
batch2/serial2.log:GASCAL,29,  0.000,  0.000,531.868,279.634, 46.740,404.542
batch2/serial2.log:GASCAL,29,  0.000,  0.000,533.480,278.828, 53.187,406.154
batch2/serial2.log:GASCAL,29,  0.000,  0.000,535.897,276.410, 59.634,406.960
batch2/serial2.log:GASCAL,29,  0.000,  0.000,535.092,273.993, 62.857,406.154
batch2/serial2.log:GASCAL,29,  0.000,  0.000,533.480,275.604, 73.333,409.377
batch2/serial2.log:GASCAL,29,  0.000,  0.000,537.509,276.410, 74.139,410.183
batch2/serial3.log:GASCAL,30,2003.370,2009.817,3300.000,3300.000,  0.000,3300.000
batch2/serial3.log:GASCAL,30,1974.359,1971.136,3300.000,3300.000,  0.000,3300.000
batch2/serial3.log:GASCAL,30,1912.308,1909.890,3300.000,3300.000,  0.000,3300.000
batch2/serial3.log:GASCAL,30,1861.539,1861.539,3300.000,3300.000,  0.000,3300.000
batch2/serial3.log:GASCAL,30,1798.681,1800.293,3300.000,3300.000,  0.000,3300.000
batch2/serial3.log:GASCAL,30,1756.777,1757.583,3300.000,3300.000,  0.000,3300.000
batch2/serial3.log:GASCAL,30,1719.707,1724.542,3300.000,3300.000,  0.000,3300.000
batch2/serial3.log:GASCAL,30,1684.249,1685.861,3300.000,3300.000,  0.000,3300.000
batch2/serial3.log:GASCAL,30,1669.744,1671.355,3300.000,3300.000,  0.000,3300.000
batch2/serial3.log:GASCAL,30,1655.238,1650.403,3300.000,3300.000,  0.000,3300.000
batch2/serial3.log:GASCAL,30,1634.286,1635.092,3300.000,3300.000,  0.000,3300.000
batch2/serial3.log:GASCAL,30,1613.333,1620.586,3300.000,3300.000,  0.000,3300.000
batch2/serial3.log:GASCAL,30,1603.663,1598.828,3300.000,3300.000,  0.000,3300.000
batch2/serial3.log:GASCAL,30,1589.158,1589.158,3300.000,3300.000,  0.000,3300.000
batch2/serial3.log:GASCAL,30,1567.399,1571.429,3300.000,3300.000,  0.000,3300.000
batch2/serial3.log:GASCAL,30,1562.564,1569.817,3300.000,3300.000,  0.000,3300.000
batch2/serial3.log:GASCAL,30,1562.564,1555.311,3300.000,3300.000,  0.000,3300.000
batch2/serial3.log:GASCAL,30,1550.476,1548.865,2785.055,3300.000,  0.000,3300.000
batch2/serial3.log:GASCAL,30,1548.059,1542.418,2369.231,3300.000,  0.000,3300.000
batch2/serial3.log:GASCAL,30,1535.165,1540.000,2054.945,3081.612,  0.000,3096.923
batch2/serial3.log:GASCAL,30,1532.747,1535.971,1814.799,2561.026,  0.000,2567.473
batch2/serial3.log:GASCAL,30,1527.106,1515.824,1629.451,2180.659,  0.000,2189.524
batch2/serial3.log:GASCAL,30,1519.854,1521.465,1487.619,1900.220,  0.000,1909.084
batch2/serial3.log:GASCAL,30,1521.465,1517.436,1369.158,1693.920,  0.000,1695.531
batch2/serial3.log:GASCAL,30,1510.183,1513.407,1269.231,1525.495,  0.000,1528.718
batch2/serial3.log:GASCAL,30,1503.736,1507.766,1195.897,1394.945,  0.000,1398.169
batch2/serial3.log:GASCAL,30,1503.736,1502.125,1133.040,1297.436,  0.000,1300.659
batch2/serial3.log:GASCAL,30,1495.678,1495.678,1084.689,1214.432,  0.000,1216.850
batch2/serial3.log:GASCAL,30,1481.172,1477.143,1034.725,1144.322,  0.000,1148.352
batch2/serial3.log:GASCAL,30,1488.425,1490.037,998.462,1087.912,  0.000,1091.941
batch2/serial3.log:GASCAL,30,1481.172,1481.978,966.227,1039.560,  0.000,1042.784
batch2/serial3.log:GASCAL,30,1481.978,1487.619,941.245,1000.879,  0.000,1000.879
batch2/serial3.log:GASCAL,30,1472.308,1476.337,915.458,965.421,  0.000,962.198
batch2/serial3.log:GASCAL,30,1474.725,1469.890,896.117,928.352,  0.000,932.381
batch2/serial3.log:GASCAL,30,1469.890,1465.861,880.000,903.370,  0.000,900.952
batch2/serial3.log:GASCAL,30,1452.161,1449.744,866.300,874.359,  0.000,881.612
batch2/serial3.log:GASCAL,30,1438.462,1444.103,850.989,851.795,  0.000,855.018
batch2/serial3.log:GASCAL,30,1428.791,1435.238,841.319,833.260,  0.000,829.231
batch2/serial3.log:GASCAL,30,1421.539,1427.180,833.260,813.114,  0.000,810.696
batch2/serial3.log:GASCAL,30,1416.703,1413.480,825.202,794.579,  0.000,797.802
batch2/serial3.log:GASCAL,30,1407.033,1403.004,820.366,780.073,  0.000,780.073
batch2/serial3.log:GASCAL,30,1396.557,1397.363,813.114,767.985,  0.000,766.374
batch2/serial3.log:GASCAL,30,1371.575,1368.352,809.084,755.092,  0.000,751.868
batch2/serial3.log:GASCAL,30,1371.575,1374.799,804.249,734.945,  0.000,741.392
batch2/serial3.log:GASCAL,30,1368.352,1368.352,797.802,722.857,  0.000,724.469
batch2/serial3.log:GASCAL,30,1357.070,1361.099,797.802,716.410,  0.000,715.604
batch2/serial3.log:GASCAL,30,1351.429,1349.817,792.161,706.740,  0.000,703.517
batch2/serial3.log:GASCAL,30,1344.176,1348.205,790.549,692.234,  0.000,694.652
batch2/serial3.log:GASCAL,30,1337.729,1340.953,784.908,684.982,  0.000,686.593
batch2/serial3.log:GASCAL,30,1334.506,1337.729,791.355,677.729,  0.000,678.535
batch2/serial3.log:GASCAL,30,1328.865,1332.894,786.520,666.447,  0.000,667.253
batch2/serial3.log:GASCAL,30,1311.136,1309.524,788.132,664.029,  0.000,661.612
batch2/serial3.log:GASCAL,30,1319.194,1324.029,788.938,657.582,  0.000,654.359
batch2/serial3.log:GASCAL,30,1315.165,1320.000,791.355,647.912,  0.000,647.106
batch2/serial3.log:GASCAL,30,1315.165,1316.777,796.191,647.106,  0.000,649.524
batch2/serial3.log:GASCAL,30,1308.718,1308.718,798.608,637.436,  0.000,637.436
batch2/serial3.log:GASCAL,30,1307.106,1303.077,796.996,622.125,  0.000,630.183
batch2/serial3.log:GASCAL,30,1300.659,1299.048,790.549,624.542,  0.000,624.542
batch2/serial3.log:GASCAL,30,1299.854,1303.883,804.249,618.901,  0.000,618.901
batch2/serial3.log:GASCAL,30,1289.377,1290.989,801.026,614.066,  0.000,609.231
batch2/serial3.log:GASCAL,30,1285.348,1285.348,799.414,613.260,  0.000,610.843
batch2/serial3.log:GASCAL,30,1290.989,1294.213,803.443,607.619,  0.000,609.231
batch2/serial3.log:GASCAL,30,1290.989,1290.183,801.026,599.560, 19.341,597.143
batch2/serial3.log:GASCAL,30,1289.377,1292.601,801.026,593.114, 28.205,591.502
batch2/serial3.log:GASCAL,30,1290.989,1289.377,802.637,593.114, 36.264,586.667
batch2/serial3.log:GASCAL,30,1289.377,1289.377,802.637,593.114, 44.322,591.502
batch2/serial3.log:GASCAL,30,1286.960,1287.766,800.220,585.055, 51.575,585.055
batch2/serial3.log:GASCAL,30,1284.542,1278.901,799.414,580.220, 56.410,576.996
batch2/serial3.log:GASCAL,30,1280.513,1281.319,800.220,574.579, 66.886,572.161
batch2/serial3.log:GASCAL,30,1279.707,1274.872,798.608,573.773, 69.304,571.355
batch2/serial3.log:GASCAL,30,1273.260,1273.260,793.773,569.744, 76.557,572.161
batch2/serial3.log:GASCAL,30,1277.290,1270.037,796.191,565.714, 79.780,567.326
batch2/serial3.log:GASCAL,30,1273.260,1270.843,788.938,562.491, 87.033,565.714
batch2/serial3.log:GASCAL,30,1266.813,1271.648,792.967,560.073, 87.033,559.267
batch2/serial3.log:GASCAL,30,1266.813,1269.231,788.938,556.044, 95.897,556.850
batch2/serial3.log:GASCAL,30,1270.843,1268.425,788.132,554.432, 99.927,553.626
batch2/serial3.log:GASCAL,30,1268.425,1261.978,781.685,553.626, 98.315,547.180
batch2/serial3.log:GASCAL,30,1265.202,1267.619,783.297,550.403,107.985,548.791
batch2/serial4.log:GASCAL,21,1796.264,1828.498,3300.000,269.158,  0.000,3300.000
batch2/serial4.log:GASCAL,21,1725.348,1718.095,3300.000,264.322,  0.000,3300.000
batch2/serial4.log:GASCAL,21,1649.597,1625.421,3300.000,268.352,  0.000,3300.000
batch2/serial4.log:GASCAL,21,1577.070,1543.224,3300.000,264.322,  0.000,3300.000
batch2/serial4.log:GASCAL,21,1506.960,1484.396,3300.000,268.352,  0.000,3300.000
batch2/serial4.log:GASCAL,21,1427.180,1424.762,3210.550,265.934,  0.000,3300.000
batch2/serial4.log:GASCAL,21,1386.887,1385.275,2717.363,269.158,  0.000,3300.000
batch2/serial4.log:GASCAL,21,1365.128,1365.128,2348.279,269.963,  0.000,3300.000
batch2/serial4.log:GASCAL,21,1318.388,1340.953,2075.092,265.934,  0.000,3300.000
batch2/serial4.log:GASCAL,21,1311.136,1307.106,1863.956,268.352,  0.000,3071.942
batch2/serial4.log:GASCAL,21,1274.066,1299.048,1705.202,266.740,  0.000,2436.923
batch2/serial4.log:GASCAL,21,1258.755,1257.143,1584.322,265.934,  0.000,2008.205
batch2/serial4.log:GASCAL,21,1256.337,1264.396,1489.231,265.128,  0.000,1709.231
batch2/serial4.log:GASCAL,21,1224.908,1224.908,1412.674,269.158,  0.000,1490.843
batch2/serial4.log:GASCAL,21,1220.073,1215.238,1349.817,268.352,  0.000,1334.506
batch2/serial4.log:GASCAL,21,1203.956,1206.374,1302.271,268.352,  0.000,1223.297
batch2/serial4.log:GASCAL,21,1205.568,1192.674,1263.590,265.128,  0.000,1140.293
batch2/serial4.log:GASCAL,21,1199.927,1185.421,1224.103,267.546,  0.000,1073.407
batch2/serial4.log:GASCAL,21,1177.363,1197.509,1198.315,267.546,  0.000,1015.385
batch2/serial4.log:GASCAL,21,1190.256,1160.440,1175.751,266.740,  0.000,968.645
batch2/serial4.log:GASCAL,21,1178.169,1171.722,1150.769,267.546,  0.000,929.963
batch2/serial4.log:GASCAL,21,1181.392,1158.828,1136.264,267.546,  0.000,896.117
batch2/serial4.log:GASCAL,21,1158.022,1155.604,1118.535,265.934,  0.000,880.806
batch2/serial4.log:GASCAL,21,1163.663,1149.158,1106.447,267.546,  0.000,850.183
batch2/serial4.log:GASCAL,21,1165.275,1157.216,1097.582,268.352,  0.000,834.872
batch2/serial4.log:GASCAL,21,1136.264,1124.982,1085.495,265.934,  0.000,813.919
batch2/serial4.log:GASCAL,21,1145.934,1140.293,1068.571,267.546,  0.000,795.385
batch2/serial4.log:GASCAL,21,1128.205,1127.399,1054.872,266.740,  0.000,784.908
batch2/serial4.log:GASCAL,21,1126.593,1126.593,1049.231,265.934,  0.000,773.626
batch2/serial4.log:GASCAL,21,1142.711,1143.516,1039.560,265.128,  0.000,768.791
batch2/serial4.log:GASCAL,21,1122.564,1125.788,1040.366,266.740,  0.000,751.868
batch2/serial4.log:GASCAL,21,1118.535,1116.117,1033.919,266.740,  0.000,746.227
batch2/serial4.log:GASCAL,21,1121.758,1098.388,1025.055,265.934,  0.000,738.169
batch2/serial4.log:GASCAL,21,1116.117,1124.982,1020.220,267.546,  0.000,730.110
batch2/serial4.log:GASCAL,21,1099.194,1115.311,1021.026,270.769,  0.000,723.663
batch2/serial4.log:GASCAL,21,1092.747,1083.883,1012.967,267.546,  0.000,722.051
batch2/serial4.log:GASCAL,21,1070.183,1086.300,1015.385,268.352,  0.000,709.158
batch2/serial4.log:GASCAL,21,1052.454,1072.601,1009.744,265.934,  0.000,702.711
batch2/serial4.log:GASCAL,21,1048.425,1039.560,1012.161,268.352,  0.000,701.099
batch2/serial4.log:GASCAL,21,1041.172,1032.308,1016.190,265.934,  0.000,693.040
batch2/serial4.log:GASCAL,21,1037.949,1026.667,1012.161,268.352,  0.000,696.264
batch2/serial4.log:GASCAL,21,1025.861,1021.832,1018.608,269.963,  0.000,690.623
batch2/serial4.log:GASCAL,21,1021.832,1007.326,1026.667,266.740,  0.000,681.758
batch2/serial4.log:GASCAL,21,1010.549,994.432,1026.667,265.128,  0.000,689.817
batch2/serial4.log:GASCAL,21,994.432,998.462,1029.890,266.740,  0.000,677.729
batch2/serial4.log:GASCAL,21,989.597,987.985,1035.531,268.352,  0.000,675.311
batch2/serial4.log:GASCAL,21,978.315,984.762,1034.725,267.546,  0.000,674.506
batch2/serial4.log:GASCAL,21,975.897,977.509,1049.231,265.934,  0.000,671.282
batch2/serial4.log:GASCAL,21,982.344,979.927,1053.260,268.352,  0.000,665.641
batch2/serial4.log:GASCAL,21,979.121,979.927,1054.066,268.352,  0.000,667.253
batch2/serial4.log:GASCAL,21,964.615,965.421,1065.348,267.546,  0.000,668.865
batch2/serial4.log:GASCAL,21,966.227,965.421,1066.960,267.546,  0.000,661.612
batch2/serial4.log:GASCAL,21,967.033,963.810,1075.018,268.352,  0.000,660.806
batch2/serial4.log:GASCAL,21,953.333,954.945,1071.795,265.934,  0.000,657.582
batch2/serial4.log:GASCAL,21,951.722,958.169,1076.630,265.934, 10.476,655.971
batch2/serial4.log:GASCAL,21,969.451,971.062,1076.630,269.158, 20.147,662.418
batch2/serial4.log:GASCAL,21,964.615,965.421,1084.689,267.546, 31.429,656.777
batch2/serial4.log:GASCAL,21,964.615,958.974,1076.630,265.934, 39.487,652.747
batch2/serial4.log:GASCAL,21,949.304,950.110,1076.630,265.128, 40.293,654.359
batch2/serial4.log:GASCAL,21,960.586,951.722,1072.601,265.934, 42.711,655.165
batch2/serial4.log:GASCAL,21,960.586,951.722,1073.407,268.352, 46.740,651.136
batch2/serial4.log:GASCAL,21,952.528,962.198,1068.571,268.352, 57.216,655.971
batch2/serial4.log:GASCAL,21,951.722,953.333,1061.319,268.352, 63.663,649.524
batch2/serial4.log:GASCAL,21,951.722,958.169,1066.960,265.128, 70.110,646.300
batch2/serial4.log:GASCAL,21,950.916,940.440,1055.678,269.158, 70.110,647.106
batch2/serial4.log:GASCAL,21,935.604,949.304,1058.095,268.352, 78.169,643.077
batch2/serial4.log:GASCAL,21,940.440,938.828,1058.901,265.934, 88.645,648.718
batch2/serial4.log:GASCAL,21,941.245,941.245,1053.260,265.128, 88.645,649.524
batch2/serial4.log:GASCAL,21,938.828,938.022,1049.231,265.934, 90.256,639.048
batch2/serial4.log:GASCAL,21,947.692,934.799,1048.425,266.740, 95.092,639.048
batch2/serial4.log:GASCAL,21,941.245,936.410,1046.007,267.546, 95.897,641.465
batch2/serial4.log:GASCAL,21,933.993,942.051,1051.648,268.352, 97.509,635.824
batch2/serial4.log:GASCAL,21,929.158,945.275,1045.202,268.352,109.597,636.630
batch2/serial4.log:GASCAL,21,941.245,926.740,1042.784,266.740,107.179,630.183
batch2/serial4.log:GASCAL,21,929.963,931.575,1046.007,266.740,110.403,630.183
batch2/serial4.log:GASCAL,21,929.963,930.769,1040.366,268.352,113.626,631.795
batch2/serial4.log:GASCAL,21,922.711,918.681,1041.172,265.934,113.626,631.795
batch2/serial4.log:GASCAL,21,922.711,929.963,1034.725,268.352,116.044,628.571
